Original Base [ATGC],Mutated Base,Ethnicity ,Range,Zygosity,Type,,,,,,,,,,,,,,,,,,,
1,10,10000000,1000000,1,10000,,,,,,,,,,,,,,,,,,,
1,100,100,1000000,1,10000,,,,,,,,,,,,,,,,,,,
100,1,10000000,1000000,1,10000,,,,,,,,,,,,,,,,,,,
1,10,10,1000000,1,10000,,,,,,,,,,,,,,,,,,,
1,100,100,1000000,1,10000,,,,,,,,,,,,,,,,,,,
1,1000,1,1000000,1,10000,,,,,,,,,,,,,,,,,,,
1,1,100000000,1000000,1,10000,,,,,,,,,,,,,,,,,,,
1,100,10000000,1000000,1,10000,,,,,,,,,,,,,,,,,,,
1,100,10000000,1000000,1,10000,,,,,,,,,,,,,,,,,,,
1,1,100,1000000,11,10000,,,,,,,,,,,,,,,,,,,
1,100,1000000000,1000000,1,10000,,,,,,,,,,,,,,,,,,,
1,10,10,1000000,1,10000,,,,,,,,,,,,,,,,,,,
100,1,10000100,1000000,1,10000,,,,,,,,,,,,,,,,,,,
1,100,1000000000,1000000,1,10000,,,,,,,,,,,,,,,,,,,
10,1000,1000000000,1000000,11,10000,,,,,,,,,,,,,,,,,,,
10,1000,1000000000,1000000,11,10000,,,,,,,,,,,,,,,,,,,
1,100,10000000,1000000,1,10000,,,,,,,,,,,,,,,,,,,
1,100,10000010,1000000,1,10000,,,,,,,,,,,,,,,,,,,
100,1,100,1000000,11,10000,,,,,,,,,,,,,,,,,,,
1000,100,1000000000,1000000,1,10000,,,,,,,,,,,,,,,,,,,
1000,10,1000000000,1000000,1,10000,,,,,,,,,,,,,,,,,,,
100,1,1000000000,1000000,1,10000,,,,,,,,,,,,,,,,,,,
1,1000,1000000000,1000000,1,10000,,,,,,,,,,,,,,,,,,,
1000,10,1000000000,1000000,1,10000,,,,,,,,,,,,,,,,,,,
100,1,1000000000,1000000,1,10000,,,,,,,,,,,,,,,,,,,
100,1,1000000000,100000,1,10000,,,,,,,,,,,,,,,,,,,
10,1,1000000000,10000,1,10000,,,,,,,,,,,,,,,,,,,
10,1000,1000000000,1000,1,10000,,,,,,,,,,,,,,,,,,,
100,1000,1000000000,1000,1,10000,,,,,,,,,,,,,,,,,,,
1,100,1000000000,10,1,10000,,,,,,,,,,,,,,,,,,,
1000,10,100000,10,1,10000,,,,,,,,,,,,,,,,,,,
1000,1,1000000000,10,1,10000,,,,,,,,,,,,,,,,,,,
10,1000,1000000000,1,1,10000,,,,,,,,,,,,,,,,,,,
100,1,1000000,1,1,100,,,,,,,,,,,,,,,,,,,
1,100,1100100000,10,1,100,,,,,,,,,,,,,,,,,,,
1,100,1100100000,10,1,100,,,,,,,,,,,,,,,,,,,
1,10,1,10,1,100,,,,,,,,,,,,,,,,,,,
1,100,1000000000,1,1,100,,,,,,,,,,,,,,,,,,,
1,100,1000000000,10,1,100,,,,,,,,,,,,,,,,,,,
1,10,1000000001,10,1,100,,,,,,,,,,,,,,,,,,,
1,1000,100000,1000000,11,1000,,,,,,,,,,,,,,,,,,,
1,100,1000000,10000,11,1000,,,,,,,,,,,,,,,,,,,
1,10,1000100000,1000,10,1000,,,,,,,,,,,,,,,,,,,
1,100,1000010000,10,1,100,,,,,,,,,,,,,,,,,,,
1,1000,10000000,100,1,100,,,,,,,,,,,,,,,,,,,
1,1000,1000000000,100,1,100,,,,,,,,,,,,,,,,,,,
1,10,100000,1000,10,1000,,,,,,,,,,,,,,,,,,,
10,1,1000000100,100000,1,100,,,,,,,,,,,,,,,,,,,
100,1000,1000,100000,1,100,,,,,,,,,,,,,,,,,,,
10,1,101,100000,1,1,,,,,,,,,,,,,,,,,,,
1,10,1000000,1000,10,1000,,,,,,,,,,,,,,,,,,,
1,1000,100,100,1,100,,,,,,,,,,,,,,,,,,,
1000,10,100,10,11,1000,,,,,,,,,,,,,,,,,,,
100,1,100,1,1,100,,,,,,,,,,,,,,,,,,,
1,10,1000000000,10,1,100,,,,,,,,,,,,,,,,,,,
100,1,100000,1,1,100,,,,,,,,,,,,,,,,,,,
1000,10,1100000000,1,1,100,,,,,,,,,,,,,,,,,,,
1000,10,1000,1,1,100,,,,,,,,,,,,,,,,,,,
1000,10,100000,1,1,100,,,,,,,,,,,,,,,,,,,
10,1000,101000000,1000000,1,10,,,,,,,,,,,,,,,,,,,
1,1000,10,1000000,1,1000,,,,,,,,,,,,,,,,,,,
1,100,10010,1000000,1,10,,,,,,,,,,,,,,,,,,,
1,10,1,100000,11,1000,,,,,,,,,,,,,,,,,,,
1000,10,10000000,100000,1,1,,,,,,,,,,,,,,,,,,,
10,100,1000000000,100000,1,10,,,,,,,,,,,,,,,,,,,
10,1000,1000000000,100000,1,10,,,,,,,,,,,,,,,,,,,
10,1000,1000000,100000,1,10,,,,,,,,,,,,,,,,,,,
100,1000,1001000,100000,1,100,,,,,,,,,,,,,,,,,,,
1000,10,10000,100000,1,10,,,,,,,,,,,,,,,,,,,
10,1000,1001000,100000,1,10,,,,,,,,,,,,,,,,,,,
100,1000,1001000000,10000,1,10,,,,,,,,,,,,,,,,,,,
100,1000,1100100001,1000000,11,1000,,,,,,,,,,,,,,,,,,,
1000,100,10001101,1000000,11,1000,,,,,,,,,,,,,,,,,,,
1000,1,100100000,1000000,10,1000,,,,,,,,,,,,,,,,,,,
1000,10,1100,1000000,1,100,,,,,,,,,,,,,,,,,,,
10,1,10000000,1000000,1,100,,,,,,,,,,,,,,,,,,,
1000,1,1101100,100000,10,1000,,,,,,,,,,,,,,,,,,,
1,100,10010,100000,1,10,,,,,,,,,,,,,,,,,,,
10,1000,100100000,100000,1,100,,,,,,,,,,,,,,,,,,,
1,10,1000000000,10,1,100,,,,,,,,,,,,,,,,,,,
10,1,1000000,100000,1,100,,,,,,,,,,,,,,,,,,,
10,100,1001110,100000,1,10,,,,,,,,,,,,,,,,,,,
10,1000,1101111001,100000,11,1000,,,,,,,,,,,,,,,,,,,
100,1000,1000000001,100000,1,100,,,,,,,,,,,,,,,,,,,
100,1,110000001,100000,1,100,,,,,,,,,,,,,,,,,,,
10,100,1110110000,100000,11,1000,,,,,,,,,,,,,,,,,,,
10,1000,1000000000,100000,11,1000,,,,,,,,,,,,,,,,,,,
10,1000,1000100001,100000,10,1000,,,,,,,,,,,,,,,,,,,
10,1,1101101101,100000,11,1000,,,,,,,,,,,,,,,,,,,
100,1,1100100011,100000,11,1000,,,,,,,,,,,,,,,,,,,
1000,100,1000000000,100000,1,100,,,,,,,,,,,,,,,,,,,
1,10,1000000,100000,10,1000,,,,,,,,,,,,,,,,,,,
100,1,1000000000,100000,1,1000,,,,,,,,,,,,,,,,,,,
10,1000,1100100011,100000,11,1000,,,,,,,,,,,,,,,,,,,
1000,100,1000000,100000,1,100,,,,,,,,,,,,,,,,,,,
1000,10,1000100000,1000,1,10,,,,,,,,,,,,,,,,,,,
1000,1,1,1000,1,10,,,,,,,,,,,,,,,,,,,
1000,10,100000,1000,11,10,,,,,,,,,,,,,,,,,,,
1000,10,1000000000,1000,1,10,,,,,,,,,,,,,,,,,,,
100,1,1000000000,100000,1,1,,,,,,,,,,,,,,,,,,,
1000,10,1000000000,100000,1,10,,,,,,,,,,,,,,,,,,,
1000,10,100000,100000,1,10,,,,,,,,,,,,,,,,,,,
10,1000,1,100000,11,1,,,,,,,,,,,,,,,,,,,
10,1,1,100000,1,1,,,,,,,,,,,,,,,,,,,
1000,10,100000,100000,1,10,,,,,,,,,,,,,,,,,,,
10,1000,1000000,100000,10,10,,,,,,,,,,,,,,,,,,,
10,1000,1,1000,1,1,,,,,,,,,,,,,,,,,,,
10,1,100010000,1,1,100,,,,,,,,,,,,,,,,,,,
100,10,1000100000,100000,11,1000,,,,,,,,,,,,,,,,,,,
100,10,101100100,100000,11,1000,,,,,,,,,,,,,,,,,,,
1000,1,1000000,100000,1,100,,,,,,,,,,,,,,,,,,,
1000,10,10000,100000,1,100,,,,,,,,,,,,,,,,,,,
10,1,1100100100,100000,1,100,,,,,,,,,,,,,,,,,,,
10,1000,100100,100000,1,100,,,,,,,,,,,,,,,,,,,
10,1000,1111100110,10000,11,1000,,,,,,,,,,,,,,,,,,,
10,100,1,10000,1,100,,,,,,,,,,,,,,,,,,,
10,1,100000,10000,1,10000,,,,,,,,,,,,,,,,,,,
100,1,1000000,10000,1,100,,,,,,,,,,,,,,,,,,,
100,1000,100000,10000,1,100,,,,,,,,,,,,,,,,,,,
10,1,100,10000,1,100,,,,,,,,,,,,,,,,,,,
10,1,1000000,10000,1,10000,,,,,,,,,,,,,,,,,,,
100,10,1000001,10000,11,1000,,,,,,,,,,,,,,,,,,,
1,100,1000000,10000,11,1000,,,,,,,,,,,,,,,,,,,
100,1,1000000,10000,1,100,,,,,,,,,,,,,,,,,,,
1,10,1000000,100,10,1000,,,,,,,,,,,,,,,,,,,
1,100,100001100,100,11,1000,,,,,,,,,,,,,,,,,,,
1,100,1000000,100,11,1000,,,,,,,,,,,,,,,,,,,
100,10,1000000000,100,11,1000,,,,,,,,,,,,,,,,,,,
1000,10,1000000001,10,11,1000,,,,,,,,,,,,,,,,,,,
1,10,1100100011,10,11,1000,,,,,,,,,,,,,,,,,,,
1000,10,1000010001,10,11,1000,,,,,,,,,,,,,,,,,,,
1,10,1000010000,10,10,1000,,,,,,,,,,,,,,,,,,,
100,10,1000000,10,11,1000,,,,,,,,,,,,,,,,,,,
100,10,1,10,11,1000,,,,,,,,,,,,,,,,,,,
1,10,1000000000,10,10,1000,,,,,,,,,,,,,,,,,,,
1,10,100000100,10,1,100,,,,,,,,,,,,,,,,,,,
1,1000,1010100001,10,1,1000,,,,,,,,,,,,,,,,,,,
1000,10,10000000,10,1,100,,,,,,,,,,,,,,,,,,,
1000,1,10000000,10,1,100,,,,,,,,,,,,,,,,,,,
10,100,100,10,1,10,,,,,,,,,,,,,,,,,,,
10,1,100000000,10,1,100,,,,,,,,,,,,,,,,,,,
10,1000,10000,10,1,100,,,,,,,,,,,,,,,,,,,
